event_id,artist_id,venue_id,start_date,attendance,average_ticket_price
EV-3adca30d-b5ea,AR-4de1a19c-0779,VN-Arena16800OH-621a3f60-24c0,1/2/14,10542,41.45
EV-bc114a58-3eaf,AR-4de1a19c-0779,VN-Arena15200NY-Own-334a8797-8708,1/11/14,11390,57.35
EV-78a9775c-5eee,AR-4de1a19c-0779,VN-Arena15200NY-Own-334a8797-8708,8/29/14,11482,57.36
EV-cf249300-7259,AR-4de1a19c-0779,VN-Arena15200NY-Own-334a8797-8708,2/15/17,152,59.63
EV-54753efb-60ca,AR-4de1a19c-0779,VN-Arena14400OK-Own-226f9270-4eb6,1/17/14,9513,42.79
EV-b991cc54-ab8a,AR-4de1a19c-0779,VN-Arena14400OK-Own-226f9270-4eb6,4/30/16,10115,54.4
EV-f69c41f4-7e19,AR-4de1a19c-0779,VN-Arena14400OK-Own-226f9270-4eb6,5/6/22,4682,56.64
EV-dbbb4c2c-7b4a,AR-4de1a19c-0779,VN-Arena9600IL-cb564e03-0b82,1/23/14,7822,43.21
EV-de550851-ce03,AR-4de1a19c-0779,VN-Arena9600IL-cb564e03-0b82,5/4/17,6344,53.05
EV-388bfd4e-6fbb,AR-4de1a19c-0779,VN-Arena9600IL-cb564e03-0b82,5/5/17,5930,51.0
EV-5f5cea74-c934,AR-4de1a19c-0779,VN-Arena9600IL-cb564e03-0b82,2/14/20,6346,60.47
EV-dfc6fd7e-13e0,AR-4de1a19c-0779,VN-Arena13600NE-675aa958-92cd,1/25/14,11164,41.5
EV-5e1517b5-6817,AR-4de1a19c-0779,VN-Arena13600NE-675aa958-92cd,4/28/16,11770,54.49
EV-53684fd5-e1fd,AR-4de1a19c-0779,VN-Arena13600NE-675aa958-92cd,7/19/18,8721,56.11
EV-92b8a4a5-a21b,AR-4de1a19c-0779,VN-Arena11200NJ-ff81b94b-b852,2/1/14,9714,45.4
EV-bc69661a-3e2b,AR-4de1a19c-0779,VN-Arena11200NJ-ff81b94b-b852,5/20/16,9311,61.42
EV-6a16a7ce-e652,AR-4de1a19c-0779,VN-Arena11200NJ-ff81b94b-b852,2/9/18,10096,69.21
EV-527c062b-eefe,AR-4de1a19c-0779,VN-Arena18800NC-Own-a94dd55c-5e7c,2/3/14,10657,45.11
EV-3d8d3f53-021c,AR-4de1a19c-0779,VN-Arena18800KY-0cadb9b6-4520,2/7/14,14144,32.2
EV-417d16ff-3c4a,AR-4de1a19c-0779,VN-Arena8000ND-ff4a0c85-76fa,2/15/14,5226,44.35
EV-5c444421-e2e9,AR-4de1a19c-0779,VN-Arena11667TN-92676638-6ae2,2/21/14,10618,40.09
EV-df54ce5c-8d59,AR-4de1a19c-0779,VN-Arena11667TN-92676638-6ae2,3/16/19,5449,60.92
EV-925572a0-d2fe,AR-4de1a19c-0779,VN-Arena10800LA-Own-d5222c8b-63af,2/22/14,9834,44.13
EV-7f3cd093-f25c,AR-4de1a19c-0779,VN-Arena10800LA-Own-d5222c8b-63af,5/4/16,9295,45.51
EV-bd58e9f4-8037,AR-4de1a19c-0779,VN-Arena16610BC-d20b146c-1e55,4/19/14,11311,45.89
EV-9af2e7f8-d54d,AR-4de1a19c-0779,VN-Arena16610BC-d20b146c-1e55,8/4/17,7370,61.87
EV-0effec3d-b01d,AR-4de1a19c-0779,VN-Amphitheatre20000VA-c1156b2f-4ccd,5/17/14,17626,30.46
EV-78e7f46d-1090,AR-4de1a19c-0779,VN-Amphitheatre20000VA-c1156b2f-4ccd,6/12/15,12506,31.98
EV-35e819ee-b163,AR-4de1a19c-0779,VN-Amphitheatre20000VA-c1156b2f-4ccd,6/13/15,16072,31.87
EV-109e75b0-c2ab,AR-4de1a19c-0779,VN-Amphitheatre20000VA-c1156b2f-4ccd,5/27/16,12160,36.6
EV-645a10bf-9961,AR-4de1a19c-0779,VN-Amphitheatre20000VA-c1156b2f-4ccd,5/28/16,16667,36.58
EV-c039daf3-a9f5,AR-4de1a19c-0779,VN-Amphitheatre20000VA-c1156b2f-4ccd,4/28/17,16230,33.72
EV-566c8df0-84c7,AR-4de1a19c-0779,VN-Amphitheatre20000VA-c1156b2f-4ccd,8/4/18,16405,39.41
EV-729f3d42-db19,AR-4de1a19c-0779,VN-Amphitheatre20000VA-c1156b2f-4ccd,5/18/19,14940,38.15
EV-562445b2-e768,AR-4de1a19c-0779,VN-Amphitheatre20000VA-c1156b2f-4ccd,7/3/21,13082,43.35
EV-4bc421b6-ba39,AR-4de1a19c-0779,VN-Amphitheatre20000VA-c1156b2f-4ccd,7/7/22,17554,41.53
EV-458ae011-9666,AR-4de1a19c-0779,VN-Amphitheatre20000VA-c1156b2f-4ccd,8/11/19,12570,41.08
EV-d00a33f1-6353,AR-4de1a19c-0779,VN-Amphitheatre20000VA-c1156b2f-4ccd,6/8/14,15310,28.58
EV-b478c5f8-8e19,AR-4de1a19c-0779,VN-Amphitheatre20000VA-c1156b2f-4ccd,5/16/14,16541,29.7
EV-5254ecca-605f,AR-4de1a19c-0779,VN-Amphitheatre14000NJ-4a0a0e06-2f1d,5/18/14,13294,36.14
EV-fc5da8fe-cdcb,AR-4de1a19c-0779,VN-Amphitheatre14000NJ-4a0a0e06-2f1d,5/19/16,13218,40.49
EV-6edcc2e7-74ce,AR-4de1a19c-0779,VN-Amphitheatre14000NJ-4a0a0e06-2f1d,8/24/19,13111,49.79
EV-fdeeda4a-bd49,AR-4de1a19c-0779,VN-Amphitheatre14000NJ-4a0a0e06-2f1d,7/4/21,13345,58.43
EV-2203bbcd-39ff,AR-4de1a19c-0779,VN-Amphitheatre14000NJ-4a0a0e06-2f1d,6/8/19,13246,49.89
EV-2b512ea4-62e4,AR-4de1a19c-0779,VN-Amphitheatre14000NJ-4a0a0e06-2f1d,6/26/14,13089,37.01
EV-c8446c58-917a,AR-4de1a19c-0779,VN-Amphitheatre14000NJ-4a0a0e06-2f1d,6/9/19,13274,43.09
EV-36230be3-0356,AR-4de1a19c-0779,VN-Amphitheatre14000NJ-4a0a0e06-2f1d,7/22/21,13354,48.93
EV-dbd8ff7e-a530,AR-4de1a19c-0779,VN-Amphitheatre14000NJ-4a0a0e06-2f1d,6/24/17,13280,45.66
EV-9b39fd03-ba60,AR-4de1a19c-0779,VN-Amphitheatre14000NJ-4a0a0e06-2f1d,6/23/17,13264,45.5
EV-849cb5e0-b73c,AR-4de1a19c-0779,VN-Amphitheatre14000NJ-4a0a0e06-2f1d,6/27/14,13145,37.05
EV-24879812-f3dc,AR-4de1a19c-0779,VN-Amphitheatre14000NJ-4a0a0e06-2f1d,7/2/17,13127,41.43
EV-d8bf393f-86d2,AR-4de1a19c-0779,VN-Amphitheatre16000VA-24062780-5245,5/23/14,15358,27.4
EV-43928f13-88e0,AR-4de1a19c-0779,VN-Amphitheatre16000VA-24062780-5245,6/10/15,8408,35.57
EV-9a2a9ab6-f651,AR-4de1a19c-0779,VN-Amphitheatre16000VA-24062780-5245,6/11/15,15039,29.9
EV-cd69e2d2-6b7f,AR-4de1a19c-0779,VN-Amphitheatre16000VA-24062780-5245,5/26/16,15120,34.05
EV-17a5822f-265f,AR-4de1a19c-0779,VN-Amphitheatre16000VA-24062780-5245,6/23/22,14666,33.59
EV-08578e31-e573,AR-4de1a19c-0779,VN-Amphitheatre16000VA-24062780-5245,8/21/16,10731,32.16
EV-a04581c4-78b0,AR-4de1a19c-0779,VN-Amphitheatre16000VA-24062780-5245,3/29/19,10306,35.9
EV-a0064868-f0b3,AR-4de1a19c-0779,VN-Amphitheatre16000VA-24062780-5245,5/22/15,11539,28.68
EV-042ee743-a4bf,AR-4de1a19c-0779,VN-Amphitheatre16000NC-57785495-f095,5/25/14,15432,27.14
EV-f368e183-eb55,AR-4de1a19c-0779,VN-Amphitheatre16000NC-57785495-f095,9/11/15,14498,27.92
EV-5bccd753-cce2,AR-4de1a19c-0779,VN-Amphitheatre16000NC-57785495-f095,9/12/15,15614,30.07
EV-a8321127-83a2,AR-4de1a19c-0779,VN-Amphitheatre16000NC-57785495-f095,8/20/16,10150,33.13
EV-021a72b5-8596,AR-4de1a19c-0779,VN-Amphitheatre16000NC-57785495-f095,9/28/19,12623,34.05
EV-3aa24e71-f01d,AR-4de1a19c-0779,VN-Amphitheatre16000NC-57785495-f095,4/23/15,9467,28.72
EV-b25af597-3058,AR-4de1a19c-0779,VN-Amphitheatre16000NC-57785495-f095,9/25/14,11922,27.8
EV-c2965d88-17e1,AR-4de1a19c-0779,VN-Amphitheatre16000NC-57785495-f095,5/24/14,15717,27.36
EV-d4444375-c898,AR-4de1a19c-0779,VN-Amphitheatre16000NC-57785495-f095,8/19/16,13384,30.96
EV-58fd4abb-d87f,AR-4de1a19c-0779,VN-Stadium48000PA-6ac15d0a-8ac9,6/7/14,52800,48.24
EV-d7654e8a-bcb6,AR-4de1a19c-0779,VN-Stadium48000PA-6ac15d0a-8ac9,6/16/18,28625,46.08
EV-9ff016d9-ab10,AR-4de1a19c-0779,VN-Amphitheatre8188AL-85813dee-6686,7/9/14,7042,40.32
EV-3880905b-be60,AR-4de1a19c-0779,VN-Amphitheatre8188AL-85813dee-6686,8/4/22,5696,49.61
EV-6bd09eeb-575c,AR-4de1a19c-0779,VN-Amphitheatre15203GA-Own-497a2fdb-de8b,7/11/14,14626,28.33
EV-167a2204-07e1,AR-4de1a19c-0779,VN-Amphitheatre15203GA-Own-497a2fdb-de8b,7/12/14,14664,28.29
EV-09a8df7e-a95e,AR-4de1a19c-0779,VN-Amphitheatre15203GA-Own-497a2fdb-de8b,5/6/16,9678,35.64
EV-50dd4a4f-c2ec,AR-4de1a19c-0779,VN-Amphitheatre15203GA-Own-497a2fdb-de8b,6/25/22,12126,37.74
EV-5f3c5a0e-2b52,AR-4de1a19c-0779,VN-Amphitheatre15203GA-Own-497a2fdb-de8b,5/7/16,14586,34.65
EV-bae54bef-668f,AR-4de1a19c-0779,VN-Amphitheatre20091NY-917012de-5fe1,8/3/14,19707,28.5
EV-daec6f9a-daab,AR-4de1a19c-0779,VN-Amphitheatre20091NY-917012de-5fe1,7/17/16,19478,33.76
EV-277c2bc5-a955,AR-4de1a19c-0779,VN-Amphitheatre20091NY-917012de-5fe1,8/12/17,13781,37.28
EV-ffc748cf-e875,AR-4de1a19c-0779,VN-Amphitheatre20091NY-917012de-5fe1,8/5/18,13329,
EV-b0e82f07-733c,AR-4de1a19c-0779,VN-Amphitheatre20091NY-917012de-5fe1,6/27/19,12622,36.62
EV-7586b61a-ea5b,AR-4de1a19c-0779,VN-Amphitheatre20091NY-917012de-5fe1,7/31/22,18629,33.62
EV-2e0907dc-09b3,AR-4de1a19c-0779,VN-Amphitheatre20091NY-917012de-5fe1,8/16/19,12634,33.79
EV-693c9716-31ef,AR-4de1a19c-0779,VN-Amphitheatre20091NY-917012de-5fe1,5/19/22,12872,36.62
EV-fd55f0eb-fd39,AR-4de1a19c-0779,VN-Amphitheatre16800OH-9636261e-d4f7,8/7/14,15853,29.12
EV-f60e9eaa-2a92,AR-4de1a19c-0779,VN-Amphitheatre16800OH-9636261e-d4f7,8/8/14,16079,29.28
EV-9ee67b17-468d,AR-4de1a19c-0779,VN-Amphitheatre16800OH-9636261e-d4f7,7/28/16,12017,38.13
EV-8c53f5d4-adf5,AR-4de1a19c-0779,VN-Amphitheatre16800OH-9636261e-d4f7,7/29/16,16185,37.59
EV-caa72a28-335e,AR-4de1a19c-0779,VN-Amphitheatre16800OH-9636261e-d4f7,8/31/19,15735,38.27
EV-8a449b36-c898,AR-4de1a19c-0779,VN-Amphitheatre16800OH-9636261e-d4f7,5/9/15,13273,36.99
EV-5533b65e-e6c5,AR-4de1a19c-0779,VN-Amphitheatre16800OH-9636261e-d4f7,6/10/16,15350,34.68
EV-b00b7637-f576,AR-4de1a19c-0779,VN-Amphitheatre16800OH-9636261e-d4f7,5/31/14,13906,28.81
EV-a6d0c514-e7c6,AR-4de1a19c-0779,VN-Amphitheatre16800OH-9636261e-d4f7,8/6/21,12869,38.54
EV-26389e50-ea20,AR-4de1a19c-0779,VN-Amphitheatre16399OH-919bb4f8-e927,8/9/14,15905,26.38
EV-0054e398-5cbb,AR-4de1a19c-0779,VN-Amphitheatre16399OH-919bb4f8-e927,8/10/14,15904,26.37
EV-52315b4c-b4e1,AR-4de1a19c-0779,VN-Amphitheatre16399OH-919bb4f8-e927,7/30/16,15769,31.95
EV-f081f1ed-bd87,AR-4de1a19c-0779,VN-Amphitheatre16399OH-919bb4f8-e927,7/31/16,11992,35.11
EV-71de0d45-f5c3,AR-4de1a19c-0779,VN-Amphitheatre16399OH-919bb4f8-e927,5/18/17,15658,31.24
EV-6be0d8ba-1f94,AR-4de1a19c-0779,VN-Amphitheatre16399OH-919bb4f8-e927,7/8/21,15662,41.27
EV-c3234a57-b4ea,AR-4de1a19c-0779,VN-Amphitheatre16399OH-919bb4f8-e927,5/30/14,15987,24.37
EV-f0d94bbd-5ffa,AR-4de1a19c-0779,VN-Amphitheatre16399OH-919bb4f8-e927,5/8/15,15798,26.02
EV-8643ba4e-7bc5,AR-4de1a19c-0779,VN-Amphitheatre16399OH-919bb4f8-e927,6/17/16,15846,31.38
EV-8125b0cd-6201,AR-4de1a19c-0779,VN-Amphitheatre16399OH-919bb4f8-e927,8/15/21,10488,32.47
EV-5ca9f598-7885,AR-4de1a19c-0779,VN-Amphitheatre16399OH-919bb4f8-e927,7/30/22,14815,34.06
EV-58916c1c-9e16,AR-4de1a19c-0779,VN-Stadium49719IL-00fa0aa2-9902,8/17/14,40422,59.44
EV-8afe898f-7579,AR-4de1a19c-0779,VN-Arena8000NH-de46c931-c395,8/28/14,6994,45.59
EV-c6faa80e-4c69,AR-4de1a19c-0779,VN-Arena8000NH-de46c931-c395,2/17/17,6882,54.79
EV-07bb7180-2af7,AR-4de1a19c-0779,VN-Arena15200NY-Own-12584a99-8ab9,8/31/14,10563,57.7
EV-c6310c0a-73ff,AR-4de1a19c-0779,VN-Arena16000TX-b3e3457c-51be,9/4/14,11338,41.72
EV-7973c2db-0273,AR-4de1a19c-0779,VN-Arena16000TX-b3e3457c-51be,8/23/18,8547,53.6
EV-88a04cb9-5d73,AR-4de1a19c-0779,VN-Arena16000TX-b3e3457c-51be,8/11/22,6449,68.47
EV-8d96c940-d2c9,AR-4de1a19c-0779,VN-Arena16000TX-b3e3457c-51be,9/21/14,4563,48.43
EV-6be4485a-f60a,AR-4de1a19c-0779,VN-Amphitheatre13600TX-31bcaa1a-072e,9/5/14,12418,33.04
EV-1a43ab91-4235,AR-4de1a19c-0779,VN-Amphitheatre13600TX-31bcaa1a-072e,10/6/16,12222,36.25
EV-eee77d00-cdec,AR-4de1a19c-0779,VN-Amphitheatre13600TX-31bcaa1a-072e,9/8/17,10823,39.2
EV-68189aa8-694d,AR-4de1a19c-0779,VN-Amphitheatre13600TX-31bcaa1a-072e,8/24/18,8966,42.73
EV-285ea19f-c762,AR-4de1a19c-0779,VN-Amphitheatre13600TX-31bcaa1a-072e,10/13/19,7356,42.86
EV-e990375b-7bac,AR-4de1a19c-0779,VN-Amphitheatre13600TX-31bcaa1a-072e,9/2/17,8832,39.34
EV-8b1bac6b-5d38,AR-4de1a19c-0779,VN-Amphitheatre13600TX-31bcaa1a-072e,10/24/15,11052,37.44
EV-f4b8e9e9-8a8e,AR-4de1a19c-0779,VN-Amphitheatre13600TX-31bcaa1a-072e,9/20/14,9726,36.09
EV-7ef76487-faef,AR-4de1a19c-0779,VN-Amphitheatre16000FL-3dc55958-5495,9/11/14,13186,31.47
EV-3776adfe-ce92,AR-4de1a19c-0779,VN-Amphitheatre16000FL-3dc55958-5495,9/12/14,15048,32.33
EV-b4e0e878-b608,AR-4de1a19c-0779,VN-Amphitheatre16000FL-3dc55958-5495,9/4/15,14913,36.67
EV-4c2d866d-ec82,AR-4de1a19c-0779,VN-Amphitheatre16000FL-3dc55958-5495,7/19/19,13504,45.21
EV-0f360f01-8b61,AR-4de1a19c-0779,VN-Amphitheatre16000FL-3dc55958-5495,5/15/14,10501,23.87
EV-2960ec16-9965,AR-4de1a19c-0779,VN-Amphitheatre16000FL-3dc55958-5495,9/4/16,12885,35.88
EV-f93af439-6940,AR-4de1a19c-0779,VN-Amphitheatre16000FL-3dc55958-5495,10/30/15,14729,33.37
EV-4a315927-ef2a,AR-4de1a19c-0779,VN-Amphitheatre16000FL-3dc55958-5495,10/6/19,12505,43.7
EV-1c60b41f-facc,AR-4de1a19c-0779,VN-Amphitheatre14848CA-e47e2d91-c1be,10/2/14,14387,31.43
EV-f15ec8f5-b78f,AR-4de1a19c-0779,VN-Amphitheatre14848CA-e47e2d91-c1be,10/1/15,14366,33.24
EV-4f3d3998-625f,AR-4de1a19c-0779,VN-Amphitheatre14848CA-e47e2d91-c1be,9/1/16,14063,37.36
EV-b4572f37-7e6b,AR-4de1a19c-0779,VN-Amphitheatre14848CA-e47e2d91-c1be,8/9/19,13144,34.46
EV-8288b37e-c3c6,AR-4de1a19c-0779,VN-Amphitheatre14848CA-e47e2d91-c1be,9/26/21,10140,44.22
EV-4c24fc7c-3248,AR-4de1a19c-0779,VN-Amphitheatre16400CA-9083b955-c39a,10/10/14,15164,31.9
EV-f497eb94-615c,AR-4de1a19c-0779,VN-Amphitheatre16400CA-9083b955-c39a,10/2/15,15290,35.69
EV-5d4918f8-a47f,AR-4de1a19c-0779,VN-Amphitheatre16400CA-9083b955-c39a,10/11/17,8806,41.12
EV-f560c5d3-da95,AR-4de1a19c-0779,VN-Amphitheatre16400CA-9083b955-c39a,9/9/21,10392,42.12
EV-37438f20-08ed,AR-4de1a19c-0779,VN-Amphitheatre16400CA-9083b955-c39a,10/5/14,9642,26.87
EV-12ca72b7-c785,AR-4de1a19c-0779,VN-Amphitheatre16400CA-9083b955-c39a,9/5/19,9505,40.11
EV-2c310333-a837,AR-4de1a19c-0779,VN-Amphitheatre16400CA-9083b955-c39a,9/3/16,14466,38.64
EV-16a13cb6-a7b9,AR-4de1a19c-0779,VN-Amphitheatre14400CA-Own-81a2c12a-496a,10/11/14,13413,51.99
EV-c5e4e3ee-4dc6,AR-4de1a19c-0779,VN-Arena14880CA-cd363de5-13c6,10/12/14,9112,52.8
EV-1fe1a8e5-8663,AR-4de1a19c-0779,VN-Arena14880CA-cd363de5-13c6,9/9/16,8001,56.55
EV-dbdeab1e-8e38,AR-4de1a19c-0779,VN-Arena14880CA-cd363de5-13c6,5/22/16,6758,54.82
EV-f588522e-cf4f,AR-4de1a19c-0779,VN-Arena9600MI-6526eca0-c01a,1/27/15,8346,51.01
EV-62345826-2493,AR-4de1a19c-0779,VN-Arena8000IN-6fdd640b-11e5,1/28/15,6906,50.09
EV-ca89081f-3ffb,AR-4de1a19c-0779,VN-Arena8000IN-6fdd640b-11e5,2/4/16,6800,55.22
EV-ef1b508b-c95d,AR-4de1a19c-0779,VN-Arena14000KY-Own-96b7956b-f164,1/29/15,12266,47.31
EV-c5463ca6-16c1,AR-4de1a19c-0779,VN-Arena14000KY-Own-96b7956b-f164,2/4/18,9153,64.58
EV-5da7dc5c-c2af,AR-4de1a19c-0779,VN-Arena6400FL-d471e9df-7fab,2/4/15,4602,54.2
EV-30866ea2-b989,AR-4de1a19c-0779,VN-Arena9390FL-Own-64e98907-5328,2/5/15,7173,48.22
EV-133f13ce-22b3,AR-4de1a19c-0779,VN-Arena14800ON-0d77cbd7-6f91,4/17/15,11448,62.67
EV-a6959066-2be9,AR-4de1a19c-0779,VN-Arena16800ND-Own-b3e80253-08e2,4/24/15,13654,
EV-2980c7b8-b330,AR-4de1a19c-0779,VN-Arena9600SD-be572f6e-a30c,4/25/15,7872,50.33
EV-28613507-5cf7,AR-4de1a19c-0779,VN-Arena9600SD-be572f6e-a30c,5/26/18,7496,57.97
EV-ada32708-aa09,AR-4de1a19c-0779,VN-Arena18000WA-751466e8-6f51,5/2/15,14910,48.92
EV-aa617539-03d9,AR-4de1a19c-0779,VN-Stadium60900CO-Own-084d6657-c7d2,5/23/15,38642,56.92
EV-99526470-08e6,AR-4de1a19c-0779,VN-Stadium60900CO-Own-084d6657-c7d2,7/21/18,37350,56.96
EV-8365b9d1-4934,AR-4de1a19c-0779,VN-Arena14514OK-eb5f516d-6c80,6/4/15,8548,51.15
EV-5221929d-1366,AR-4de1a19c-0779,VN-Arena14514OK-eb5f516d-6c80,5/27/17,6043,55.33
EV-cee3e145-4825,AR-4de1a19c-0779,VN-Arena14514OK-eb5f516d-6c80,2/15/19,4822,61.56
EV-5bcfca47-6794,AR-4de1a19c-0779,VN-Amphitheatre16000KS-Own-a3750540-60ae,6/5/15,13878,31.16
EV-44fe61ab-8c4f,AR-4de1a19c-0779,VN-Amphitheatre16000KS-Own-a3750540-60ae,8/11/16,9496,39.19
EV-d2011f3c-ebff,AR-4de1a19c-0779,VN-Stadium40644MN-a3fc552b-c5a2,6/6/15,32062,69.51
EV-41b27d5a-b239,AR-4de1a19c-0779,VN-Stadium31832TN-c1825d75-95dc,6/27/15,23909,67.57
EV-85cc0008-1377,AR-4de1a19c-0779,VN-Amphitheatre14400PA-Own-8043e89a-4d90,7/16/15,13333,32.54
EV-e7226471-4b22,AR-4de1a19c-0779,VN-Amphitheatre14400PA-Own-8043e89a-4d90,7/7/16,13127,33.53
EV-6dd0ba55-bcd7,AR-4de1a19c-0779,VN-Amphitheatre14400PA-Own-8043e89a-4d90,8/23/17,6603,34.52
EV-e859b9d3-2327,AR-4de1a19c-0779,VN-Amphitheatre18546PA-35fab528-c689,7/17/15,16738,28.5
EV-86bd7a5e-1a26,AR-4de1a19c-0779,VN-Amphitheatre18546PA-35fab528-c689,7/18/15,17702,29.78
EV-16016164-b534,AR-4de1a19c-0779,VN-Amphitheatre18546PA-35fab528-c689,7/8/16,14916,30.59
EV-19d14be7-d9c8,AR-4de1a19c-0779,VN-Amphitheatre18546PA-35fab528-c689,7/9/16,17303,32.08
EV-46aba7f0-8f11,AR-4de1a19c-0779,VN-Amphitheatre18546PA-35fab528-c689,6/28/14,13794,23.61
EV-53b7b1f6-64c5,AR-4de1a19c-0779,VN-Amphitheatre18546PA-35fab528-c689,5/10/15,20401,26.42
EV-f06f1b47-c7d4,AR-4de1a19c-0779,VN-Club1040NY-88df3cac-d803,7/24/15,481,38.8
EV-72db0f69-10c3,AR-4de1a19c-0779,VN-Arena13600GA-Own-250b8dd2-a6bd,8/7/15,6181,52.86
EV-8e1bb5a1-0ecf,AR-4de1a19c-0779,VN-Arena13600GA-Own-250b8dd2-a6bd,8/8/15,9668,49.03
EV-88ac726c-4fa2,AR-4de1a19c-0779,VN-Stadium60000CA-Own-4345688e-e97d,8/15/15,28349,71.93
EV-46c0715d-d808,AR-4de1a19c-0779,VN-Stadium44850OH-5a3b94e0-351a,8/22/15,29450,60.12
EV-56ba8fa3-e016,AR-4de1a19c-0779,VN-Arena12720FL-Own-0ad1f599-5481,9/3/15,7617,51.27
EV-63680799-1d66,AR-4de1a19c-0779,VN-Arena12720FL-Own-0ad1f599-5481,2/11/17,8678,51.87
EV-223500c7-17fe,AR-4de1a19c-0779,VN-Arena12720FL-Own-0ad1f599-5481,6/8/18,7606,67.82
EV-7affe935-5fe4,AR-4de1a19c-0779,VN-Arena12720FL-Own-0ad1f599-5481,7/18/19,6117,63.97
EV-bbec0e54-62fb,AR-4de1a19c-0779,VN-Amphitheatre15858TX-Own-a8a50fbd-7edf,10/9/15,15084,31.29
EV-00277531-738e,AR-4de1a19c-0779,VN-Arena20000IL-f4c117a2-11c1,10/14/15,10373,51.37
EV-97d9cbb8-a54d,AR-4de1a19c-0779,VN-Arena20000IL-f4c117a2-11c1,10/15/15,11143,51.57
EV-4f7979e4-eeb2,AR-4de1a19c-0779,VN-Arena9600IL-158ca42d-6976,2/5/16,7480,53.58
EV-5104182a-4a11,AR-4de1a19c-0779,VN-Arena9600IL-158ca42d-6976,4/13/19,6635,63.26
EV-ecd8c80b-10f2,AR-4de1a19c-0779,VN-Arena10720NM-5e57f3ef-195e,2/23/16,8236,51.65
EV-85e845a2-d7c7,AR-4de1a19c-0779,VN-Arena14400AR-2a873f5f-546e,2/26/16,10378,50.78
EV-a91c1345-dee5,AR-4de1a19c-0779,VN-Arena14400AR-2a873f5f-546e,5/26/17,5866,53.21
EV-293f1040-3fc2,AR-4de1a19c-0779,VN-Arena10800WV-2d0469e7-546d,3/24/16,7241,56.77
EV-9f4de476-39c5,AR-4de1a19c-0779,VN-Arena10800WV-2d0469e7-546d,5/26/22,5674,72.83
EV-01f0f549-696f,AR-4de1a19c-0779,VN-Arena11200MD-Own-9ae4bea9-75d0,3/25/16,9435,53.54
EV-2e34c040-eeca,AR-4de1a19c-0779,VN-Arena6400OH-8da5af66-b0cf,3/31/16,5892,54.82
EV-f1c038e1-a43d,AR-4de1a19c-0779,VN-Arena12800VA-d55bba3a-2243,4/2/16,9091,55.67
EV-752972e1-5053,AR-4de1a19c-0779,VN-Arena12800VA-d55bba3a-2243,2/10/18,7117,66.21
EV-338de438-b556,AR-4de1a19c-0779,VN-Arena12800VA-d55bba3a-2243,9/23/17,8347,44.66
EV-5a41cc44-0b6b,AR-4de1a19c-0779,VN-Arena14400CA-a13364d9-04ca,4/16/16,9556,53.69
EV-74cc98c8-0ec6,AR-4de1a19c-0779,VN-Arena14400CA-a13364d9-04ca,8/8/19,8722,62.11
EV-bc16762e-4f52,AR-4de1a19c-0779,VN-Arena14400CA-a13364d9-04ca,10/1/21,7831,65.26
EV-e7462035-50e9,AR-4de1a19c-0779,VN-Amphitheatre12800ON-03a4bec4-9e58,6/11/16,12383,55.19
EV-50545406-1727,AR-4de1a19c-0779,VN-Amphitheatre12800ON-03a4bec4-9e58,8/20/15,12384,49.55
EV-225d534d-4f11,AR-4de1a19c-0779,VN-Amphitheatre12800ON-03a4bec4-9e58,8/21/15,11921,47.13
EV-6c0cc292-52f0,AR-4de1a19c-0779,VN-Amphitheatre12000ME-452cf3a2-6978,7/3/16,10496,42.64
EV-ae9f39fa-31e6,AR-4de1a19c-0779,VN-Amphitheatre12000ME-452cf3a2-6978,7/25/19,9783,53.88
EV-7b265daf-cdb1,AR-4de1a19c-0779,VN-Amphitheatre12000ME-452cf3a2-6978,9/14/18,6264,47.32
EV-a5079379-dd45,AR-4de1a19c-0779,VN-Amphitheatre12000ME-452cf3a2-6978,5/24/15,7712,46.36
EV-2aacbf7f-9560,AR-4de1a19c-0779,VN-Stadium40000MN-00f2f7dc-4b6b,8/5/16,36499,76.61
EV-110c6f55-93b5,AR-4de1a19c-0779,VN-Amphitheatre16000AZ-Own-6a285bc7-a745,9/8/16,14809,37.82
EV-26c9f63c-4e51,AR-4de1a19c-0779,VN-Amphitheatre16000AZ-Own-6a285bc7-a745,10/12/17,14514,38.65
EV-cbc4dd8e-4964,AR-4de1a19c-0779,VN-Amphitheatre16000AZ-Own-6a285bc7-a745,5/30/19,12898,38.68
EV-89175175-c5e4,AR-4de1a19c-0779,VN-Amphitheatre16000AZ-Own-6a285bc7-a745,9/10/21,13222,45.35
EV-dfeb3274-05b6,AR-4de1a19c-0779,VN-Amphitheatre16000AZ-Own-6a285bc7-a745,3/1/19,13594,35.34
EV-81e48217-c146,AR-4de1a19c-0779,VN-Amphitheatre12000CA-b9332926-d672,9/10/16,11398,47.78
EV-561fd890-fafd,AR-4de1a19c-0779,VN-Amphitheatre12000CA-b9332926-d672,5/21/16,11671,47.8
EV-dd055e95-94be,AR-4de1a19c-0779,VN-Amphitheatre12000CA-b9332926-d672,10/3/15,11451,41.85
EV-9b0cc3ef-2a6d,AR-4de1a19c-0779,VN-Amphitheatre12000CA-b9332926-d672,10/4/15,11457,41.88
EV-81767057-8c1b,AR-4de1a19c-0779,VN-Arena6800WV-06ba900e-ee20,2/2/17,5149,55.71
EV-9f986b5e-9a88,AR-4de1a19c-0779,VN-Arena13600SC-ee330829-d77b,2/9/17,7714,48.49
EV-f4f46206-f5fa,AR-4de1a19c-0779,VN-Arena11600RI-Own-a2979714-608d,2/18/17,116,52.8
EV-cc25402f-5289,AR-4de1a19c-0779,VN-Arena10400VA-3ae7dcb1-726a,2/23/17,7203,55.59
EV-8a0e2f53-d667,AR-4de1a19c-0779,VN-Arena12800SC-cb7232a5-fb1a,2/25/17,9069,49.71
EV-1fb2548a-b896,AR-4de1a19c-0779,VN-Arena12800SC-cb7232a5-fb1a,4/8/22,5974,63.48
EV-83ed2dec-b7ac,AR-4de1a19c-0779,VN-Amphitheatre10414GA-8af3a7ec-c9f7,6/1/17,7570,32.17
EV-7836d830-4829,AR-4de1a19c-0779,VN-Stadium33620PA-8969defd-bb82,8/25/17,23158,62.45
EV-182dbf59-7be0,AR-4de1a19c-0779,VN-Stadium33620PA-8969defd-bb82,8/1/15,25166,64.82
EV-95aad08e-15dc,AR-4de1a19c-0779,VN-Amphitheatre16000TX-c791fae3-2c77,9/7/17,8614,42.98
EV-0de89b56-0897,AR-4de1a19c-0779,VN-Amphitheatre16000TX-c791fae3-2c77,10/25/15,17600,41.91
EV-76bc853c-1b25,AR-4de1a19c-0779,VN-Amphitheatre16000TX-c791fae3-2c77,9/3/17,5642,42.67
EV-9825c6f6-3fda,AR-4de1a19c-0779,VN-Amphitheatre23600CA-9aa026dd-43ed,10/13/17,19027,37.86
EV-e51db017-2aed,AR-4de1a19c-0779,VN-Arena11040LA-55b1459e-253f,2/23/18,7283,60.48
EV-7ef6185c-9a13,AR-4de1a19c-0779,VN-Arena11040LA-55b1459e-253f,8/12/22,7198,64.7
EV-43f1066f-da7c,AR-4de1a19c-0779,VN-Arena16000LA-Own-22f00246-17a8,2/24/18,8417,62.3
EV-2e85c48a-e530,AR-4de1a19c-0779,VN-Arena16000LA-Own-22f00246-17a8,2/23/19,6353,65.27
EV-6e988aca-1720,AR-4de1a19c-0779,VN-Arena16000LA-Own-22f00246-17a8,8/13/22,7327,73.87
EV-d07ec604-3d60,AR-4de1a19c-0779,VN-Stadium48000ON-1cea47a2-25a3,5/17/18,32846,75.62
EV-209a4faf-d69a,AR-4de1a19c-0779,VN-Stadium48000ON-1cea47a2-25a3,6/29/18,17360,61.97
EV-b00e03ad-d29f,AR-4de1a19c-0779,VN-Stadium46556NJ-Own-e12769b7-d61e,5/19/18,34486,64.46
EV-6cc151c6-1be6,AR-4de1a19c-0779,VN-Stadium53056FL-a142e242-c87e,6/9/18,31200,52.9
EV-ae3bfd5e-f81d,AR-4de1a19c-0779,VN-Stadium32000MN-746aef90-5714,7/7/18,26840,63.95
EV-7024a1ae-b38a,AR-4de1a19c-0779,VN-Stadium45280CA-9ae55956-b899,7/14/18,34360,62.52
EV-db229568-9e4f,AR-4de1a19c-0779,VN-Arena16800OR-Own-76cf3394-b6af,9/27/18,9525,55.9
EV-2835cf0a-fdb7,AR-4de1a19c-0779,VN-Stadium42400BC-Own-c235d0b5-2ac1,9/29/18,25146,88.18
EV-e201158a-73f4,AR-4de1a19c-0779,VN-Arena11200NY-0c47c3ec-b4e1,10/11/18,6934,58.91
EV-eb9edfb5-d73d,AR-4de1a19c-0779,VN-Stadium36800MI-Own-ea49d58e-c7a2,10/12/18,30759,71.29
EV-6f942844-93f7,AR-4de1a19c-0779,VN-Stadium36800MI-Own-ea49d58e-c7a2,10/11/19,19578,62.34
EV-059d1eb0-ee1d,AR-4de1a19c-0779,VN-Amphitheatre19976NJ-d8be59e9-f8a4,5/17/19,19289,31.92
EV-5943c6b1-c4b3,AR-4de1a19c-0779,VN-Amphitheatre19976NJ-d8be59e9-f8a4,7/25/21,16290,37.61
EV-fa3537c8-5f1a,AR-4de1a19c-0779,VN-Amphitheatre11119NY-5472bbb9-d7a3,6/29/19,10042,67.75
EV-85df4084-e5d1,AR-4de1a19c-0779,VN-Amphitheatre11119NY-5472bbb9-d7a3,7/30/21,10595,70.47
EV-7527e5a6-b718,AR-4de1a19c-0779,VN-Amphitheatre11119NY-5472bbb9-d7a3,8/16/14,10909,49.22
EV-370f60ca-9574,AR-4de1a19c-0779,VN-Amphitheatre11119NY-5472bbb9-d7a3,8/19/21,9355,74.74
EV-6f495f53-6b71,AR-4de1a19c-0779,VN-Amphitheatre11119NY-5472bbb9-d7a3,8/20/21,10804,78.81
EV-c2ba322c-bee9,AR-4de1a19c-0779,VN-Amphitheatre15390FL-Own-ba62fa3f-dc4f,7/20/19,13014,36.28
EV-48aa8652-f1f5,AR-4de1a19c-0779,VN-Amphitheatre15390FL-Own-ba62fa3f-dc4f,10/5/19,13501,35.07
EV-346116ee-1cba,AR-4de1a19c-0779,VN-Amphitheatre15390FL-Own-ba62fa3f-dc4f,9/25/21,11746,38.83
EV-b3c05d5b-2e3e,AR-4de1a19c-0779,VN-Amphitheatre15390FL-Own-ba62fa3f-dc4f,10/4/19,7712,39.34
EV-073af550-34ec,AR-4de1a19c-0779,VN-Arena8000IN-Own-729950b7-18e1,10/9/19,5156,64.51
EV-d17a6755-54e3,AR-4de1a19c-0779,VN-Amphitheatre24000PA-Own-2403f8a5-e5d6,6/25/21,14364,47.4
EV-477ae85c-5281,AR-4de1a19c-0779,VN-Amphitheatre15920MA-Own-c4dc80d3-593b,6/26/21,13006,54.67
EV-a056db67-f69b,AR-4de1a19c-0779,VN-Amphitheatre7200NH-Own-f5288afc-33b8,7/24/21,6373,57.24
EV-b928230c-5698,AR-4de1a19c-0779,VN-Amphitheatre7200NH-Own-f5288afc-33b8,7/13/22,6331,
EV-ded2d475-eaef,AR-4de1a19c-0779,VN-Amphitheatre7200NH-Own-f5288afc-33b8,7/14/22,6265,57.15
EV-a6b42ab7-079c,AR-4de1a19c-0779,VN-Amphitheatre7200NH-Own-f5288afc-33b8,7/23/21,6260,57.06
EV-3bc88082-fda3,AR-4de1a19c-0779,VN-Amphitheatre7200NH-Own-f5288afc-33b8,7/15/22,6567,62.24
EV-1a564847-60e8,AR-4de1a19c-0779,VN-Amphitheatre17440NY-Own-0288428f-11a7,7/31/21,15411,35.62
EV-08ebd22c-de2b,AR-4de1a19c-0779,VN-Amphitheatre17440NY-Own-0288428f-11a7,6/19/16,13426,31.94
EV-a3728d0f-e71d,AR-4de1a19c-0779,VN-Amphitheatre15200MO-0a981562-1da9,8/5/21,9535,36.39
EV-8761444c-e415,AR-4de1a19c-0779,VN-Amphitheatre15200MO-0a981562-1da9,7/29/22,13227,31.4
EV-0255b2e6-c536,AR-4de1a19c-0779,VN-Amphitheatre22904IL-Own-6f42f0bf-2abc,8/7/21,12874,40.97
EV-87511dea-a95a,AR-4de1a19c-0779,VN-Amphitheatre22904IL-Own-6f42f0bf-2abc,8/14/21,12293,40.06
EV-cf65a58e-6f5a,AR-4de1a19c-0779,VN-Amphitheatre22904IL-Own-6f42f0bf-2abc,6/15/19,16203,34.08
EV-8576ee97-5771,AR-4de1a19c-0779,VN-Amphitheatre14118WA-212e70e8-c2ee,9/18/21,12006,57.12
EV-36ad5983-cd04,AR-4de1a19c-0779,VN-Arena16800CA-Own-78db1bcb-297e,9/24/21,8729,66.92
EV-27c98443-46c0,AR-4de1a19c-0779,VN-Amphitheatre9600CA-e70b3a21-3f70,9/30/21,7868,69.95
EV-a59e1767-e31a,AR-4de1a19c-0779,VN-Amphitheatre19369CT-dcf4a625-b829,7/16/22,18522,33.48
EV-b84b6634-c740,AR-4de1a19c-0779,VN-Arena20800TN-9fe3440f-2b20,8/5/22,10365,66.05
EV-6df05587-2791,AR-4de1a19c-0779,VN-Amphitheatre17600WA-5eb39722-cd7b,9/13/14,9697,36.57
EV-1c8faf2c-9855,AR-4de1a19c-0779,VN-Amphitheatre17600CA-b56b7439-3d0d,9/6/19,10430,38.52
EV-9e563cbe-51c1,AR-4de1a19c-0779,VN-Amphitheatre17600CA-b56b7439-3d0d,8/10/19,15821,36.9
EV-44d06438-8ffb,AR-4de1a19c-0779,VN-Arena16800NC-Own-236a18f5-daa2,2/19/20,5427,62.05
EV-3d3fcbaf-986e,AR-4de1a19c-0779,VN-Arena14400AZ-8bbe5234-21fa,4/20/17,6455,51.68
EV-e49b9d93-aa6f,AR-4de1a19c-0779,VN-Arena11200NE-148d578c-6d69,5/25/18,9202,48.15
EV-aff00131-a6bc,AR-4de1a19c-0779,VN-Arena11200NE-148d578c-6d69,2/15/20,7105,59.92
EV-9ad5b6f3-3325,AR-4de1a19c-0779,VN-Arena8000GA-5766f505-b8eb,3/5/14,4480,51.18
EV-b6c600f0-8b77,AR-4de1a19c-0779,VN-Stadium33451GA-5e7e4a7c-3c4d,6/3/22,19262,58.0
EV-0bb2c093-9328,AR-4de1a19c-0779,VN-Stadium38400WA-b4a8ca99-33eb,8/17/18,18322,55.79
